{"cameraMode":{"drawMode":0,"name":"Shaded","section":"Shading Mode"},"sceneLighting":true,"audioPlay":false,"sceneViewState":{"showFog":true,"showMaterialUpdate":false,"showSkybox":true,"showFlares":true,"showImageEffects":true,"showParticleSystems":true},"in2DMode":false,"pivot":{"x":0.6140353679656982,"y":1.294783353805542,"z":-0.40614914894104006},"rotation":{"x":0.18119944632053376,"y":0.340127557516098,"z":-0.06696394085884094,"w":0.9203323721885681},"size":4.657884120941162,"orthographic":false}