{"cameraMode":{"drawMode":0,"name":"Shaded","section":"Shading Mode"},"sceneLighting":true,"audioPlay":false,"sceneViewState":{"showFog":true,"showMaterialUpdate":false,"showSkybox":true,"showFlares":true,"showImageEffects":true,"showParticleSystems":true},"in2DMode":false,"pivot":{"x":6.07280158996582,"y":0.9093441963195801,"z":-1.095320701599121},"rotation":{"x":-0.17890460789203645,"y":-0.2244817018508911,"z":0.04196677356958389,"w":-0.9570024609565735},"size":12.097914695739746,"orthographic":false}