{"cameraMode":{"drawMode":0,"name":"Shaded","section":"Shading Mode"},"sceneLighting":true,"audioPlay":false,"sceneViewState":{"showFog":true,"showMaterialUpdate":false,"showSkybox":false,"showFlares":true,"showImageEffects":true,"showParticleSystems":true},"in2DMode":false,"pivot":{"x":-0.22695088386535645,"y":-0.4382967948913574,"z":1.2920703887939454},"rotation":{"x":0.27505919337272646,"y":0.1321524828672409,"z":-0.03820253163576126,"w":0.9515390396118164},"size":11.15784740447998,"orthographic":false}